timestamp,event,info
2026-02-28T11:51:29.176601,tab_focus,https://www.google.com/search?q=could+you+translate+terminal+instructions+to+command+prompt+instructions&gs_lcrp=EgZjaHJvbWUyBggAEEUYOdIBCTE0MTg2ajBqN6gCALACAA&sourceid=chrome&ie=UTF-8&fbs=ADc_l-aN0CWEZBOHjofHoaMMDiKpmAsnXCN5UBx17opt8eaTXyCfNeKGeJOJfUwi1MTUzwST1daiRLNBoQ0B6uczm6CPpE9MgkRBvAPuob4mewNkDkyJPOM4cUXCgTF3s6r8ePzSE49wWrN49hZO6o_W8OU5vZLEjpGBg_Hqzsox3WGwOApedjqloS2Uk0tumYhxMQS6X5e7CmdvlbFfLbas18Oj8ZlWFg&ved=2ahUKEwiqzITFzfySAxUVOFkFHZVDJ0kQ0NsOegQIAxAB&aep=10&ntc=1&mstk=AUtExfDoRDb10w8BtWhmR85aazNc4K_tJSsW15EoxyN7JUKwpjFwgbpyvhZ2MZbGjwebB_dUAtJJ3I0WBwspTpmI64BgWF7kZ5c4sL_n6avnIkK-lMrm4YmstFM5XkOkeV-elxeG7aNIDPjzMf6nWZ4fXFllsWwMZ6IemAizybWJkYHM2sEpTxHqS7qXvIBEX-ArHhrXiYEFktt-GbcMlzcA5pcTwJNbPQTN8DE5n-c_SLvvHKZOcDtgEzsxL5jdVxBJSOCZd8mdimFHJ8ZBNXAqvggCp91h1KOoX-sX7CabXbV1mPz1qCpEmnlOemkRVrDiukurE4-M262AHA&csuir=1&mtid=oRijacrkB_uz5NoPz6rtqAw&udm=50
2026-02-28T11:51:31.974843,tab_focus,https://www.google.com/search?q=could+you+translate+terminal+instructions+to+command+prompt+instructions&gs_lcrp=EgZjaHJvbWUyBggAEEUYOdIBCTE0MTg2ajBqN6gCALACAA&sourceid=chrome&ie=UTF-8&fbs=ADc_l-aN0CWEZBOHjofHoaMMDiKpmAsnXCN5UBx17opt8eaTXyCfNeKGeJOJfUwi1MTUzwST1daiRLNBoQ0B6uczm6CPpE9MgkRBvAPuob4mewNkDkyJPOM4cUXCgTF3s6r8ePzSE49wWrN49hZO6o_W8OU5vZLEjpGBg_Hqzsox3WGwOApedjqloS2Uk0tumYhxMQS6X5e7CmdvlbFfLbas18Oj8ZlWFg&ved=2ahUKEwiqzITFzfySAxUVOFkFHZVDJ0kQ0NsOegQIAxAB&aep=10&ntc=1&mstk=AUtExfCi4-9dprnSakC7RmWweMOEi8HtuvC6j6E8nxADk7sBDC2W0IpbxUl-W6q_hg2NpMSwH25Knsjzp9Ag1OL89ad4Z-1gIW4YY0jNAFEarieUM46aqHZRHOqczNfcJyit9SaYuiHqHelONvl7aQWqqyNmwxSSJqZr-T7K7vZozvRnVN95Lbbh-kY8ULJAmwcKA1ZI56mszBA5uNnQvMmK4s9YTKi2hCeoZEYVCuxHtf6gibIR89cvou7LI8xMvBlIejMjfH2ESYmoc6xaYBRiOvlUw0XzhI32mvrpfW9PQuDonDqqnnT2nowmfv3hvg1R8PhViUXXed1tZg&csuir=1&mtid=oRijacrkB_uz5NoPz6rtqAw&udm=50
2026-02-28T11:52:06.830707,tab_focus,https://www.google.com/search?q=could+you+translate+terminal+instructions+to+command+prompt+instructions&gs_lcrp=EgZjaHJvbWUyBggAEEUYOdIBCTE0MTg2ajBqN6gCALACAA&sourceid=chrome&ie=UTF-8&fbs=ADc_l-aN0CWEZBOHjofHoaMMDiKpmAsnXCN5UBx17opt8eaTXyCfNeKGeJOJfUwi1MTUzwST1daiRLNBoQ0B6uczm6CPpE9MgkRBvAPuob4mewNkDkyJPOM4cUXCgTF3s6r8ePzSE49wWrN49hZO6o_W8OU5vZLEjpGBg_Hqzsox3WGwOApedjqloS2Uk0tumYhxMQS6X5e7CmdvlbFfLbas18Oj8ZlWFg&ved=2ahUKEwiqzITFzfySAxUVOFkFHZVDJ0kQ0NsOegQIAxAB&aep=10&ntc=1&mstk=AUtExfCi4-9dprnSakC7RmWweMOEi8HtuvC6j6E8nxADk7sBDC2W0IpbxUl-W6q_hg2NpMSwH25Knsjzp9Ag1OL89ad4Z-1gIW4YY0jNAFEarieUM46aqHZRHOqczNfcJyit9SaYuiHqHelONvl7aQWqqyNmwxSSJqZr-T7K7vZozvRnVN95Lbbh-kY8ULJAmwcKA1ZI56mszBA5uNnQvMmK4s9YTKi2hCeoZEYVCuxHtf6gibIR89cvou7LI8xMvBlIejMjfH2ESYmoc6xaYBRiOvlUw0XzhI32mvrpfW9PQuDonDqqnnT2nowmfv3hvg1R8PhViUXXed1tZg&csuir=1&mtid=oRijacrkB_uz5NoPz6rtqAw&udm=50
2026-02-28T11:52:11.169263,tab_focus,https://www.google.com/search?q=could+you+translate+terminal+instructions+to+command+prompt+instructions&gs_lcrp=EgZjaHJvbWUyBggAEEUYOdIBCTE0MTg2ajBqN6gCALACAA&sourceid=chrome&ie=UTF-8&fbs=ADc_l-aN0CWEZBOHjofHoaMMDiKpmAsnXCN5UBx17opt8eaTXyCfNeKGeJOJfUwi1MTUzwST1daiRLNBoQ0B6uczm6CPpE9MgkRBvAPuob4mewNkDkyJPOM4cUXCgTF3s6r8ePzSE49wWrN49hZO6o_W8OU5vZLEjpGBg_Hqzsox3WGwOApedjqloS2Uk0tumYhxMQS6X5e7CmdvlbFfLbas18Oj8ZlWFg&ved=2ahUKEwiqzITFzfySAxUVOFkFHZVDJ0kQ0NsOegQIAxAB&aep=10&ntc=1&mstk=AUtExfDey_BhcBRopOIyuOfNCelQgP3SY9LhFUtDCyw--zwuSPhHksVi79WQJfKkI0RG95cLK4lz-k-WcIG921AfMY8HacvNUEZjsmrLughFbwIxa3Y3AVgdAePr_2rJy13J0SCRnk9R702wEfZ6tqFbY6kwOz4wbeCIpvX6AepbT-z5HUhE89LnNwOouYqQJvzEBcG3frHby861mgRQqi94VUPZozbgnjR4RQqJLYOf58RNkIGHHr-N4bqDkx4llDrObzGT4Yi123BlfBqzH1IN2A3BP3gvMHUsMyMKw4ZRxi5pt5jGGZA6PAwDbTe-TuthWT1hnEeR-VTtiw&csuir=1&mtid=oRijacrkB_uz5NoPz6rtqAw&udm=50
2026-02-28T11:52:50.119003,tab_focus,https://www.google.com/search?q=could+you+translate+terminal+instructions+to+command+prompt+instructions&gs_lcrp=EgZjaHJvbWUyBggAEEUYOdIBCTE0MTg2ajBqN6gCALACAA&sourceid=chrome&ie=UTF-8&fbs=ADc_l-aN0CWEZBOHjofHoaMMDiKpmAsnXCN5UBx17opt8eaTXyCfNeKGeJOJfUwi1MTUzwST1daiRLNBoQ0B6uczm6CPpE9MgkRBvAPuob4mewNkDkyJPOM4cUXCgTF3s6r8ePzSE49wWrN49hZO6o_W8OU5vZLEjpGBg_Hqzsox3WGwOApedjqloS2Uk0tumYhxMQS6X5e7CmdvlbFfLbas18Oj8ZlWFg&ved=2ahUKEwiqzITFzfySAxUVOFkFHZVDJ0kQ0NsOegQIAxAB&aep=10&ntc=1&mstk=AUtExfDey_BhcBRopOIyuOfNCelQgP3SY9LhFUtDCyw--zwuSPhHksVi79WQJfKkI0RG95cLK4lz-k-WcIG921AfMY8HacvNUEZjsmrLughFbwIxa3Y3AVgdAePr_2rJy13J0SCRnk9R702wEfZ6tqFbY6kwOz4wbeCIpvX6AepbT-z5HUhE89LnNwOouYqQJvzEBcG3frHby861mgRQqi94VUPZozbgnjR4RQqJLYOf58RNkIGHHr-N4bqDkx4llDrObzGT4Yi123BlfBqzH1IN2A3BP3gvMHUsMyMKw4ZRxi5pt5jGGZA6PAwDbTe-TuthWT1hnEeR-VTtiw&csuir=1&mtid=oRijacrkB_uz5NoPz6rtqAw&udm=50
2026-02-28T11:52:55.231508,tab_focus,https://www.google.com/search?q=could+you+translate+terminal+instructions+to+command+prompt+instructions&gs_lcrp=EgZjaHJvbWUyBggAEEUYOdIBCTE0MTg2ajBqN6gCALACAA&sourceid=chrome&ie=UTF-8&fbs=ADc_l-aN0CWEZBOHjofHoaMMDiKpmAsnXCN5UBx17opt8eaTXyCfNeKGeJOJfUwi1MTUzwST1daiRLNBoQ0B6uczm6CPpE9MgkRBvAPuob4mewNkDkyJPOM4cUXCgTF3s6r8ePzSE49wWrN49hZO6o_W8OU5vZLEjpGBg_Hqzsox3WGwOApedjqloS2Uk0tumYhxMQS6X5e7CmdvlbFfLbas18Oj8ZlWFg&ved=2ahUKEwiqzITFzfySAxUVOFkFHZVDJ0kQ0NsOegQIAxAB&aep=10&ntc=1&mstk=AUtExfCEaodGKQSJJJv2nvxkFFQTbLR9-KVsu2wzlp-xuOz4YrAKFXmmssWhdc_ywyznX8JiDwFFUq0iWBKFIdkK4GAz7r8AsdZcrhnoxQeKOHD2n64ZXk9q5VSpCJfV54aDRl-Ae0wYM4RlMOY2LQ7Q6Fuq3AiuimHEcbScbIeykeSx8MHfFCIQuEUsr5QY9CUrEfaru6c4kwqqzjeMub4fzI2PnKQtJIwfAMXUlYGJphSUJcI7S8e0dukbBlznXFs_OrZKaNAt9-mr-DjRlWLRZXtigpb3kTZ9bYCJODNhvD8QlzYN-VWo3k_w1v4Ha5Tqlw6UbZkBIlg9YQ&csuir=1&mtid=oRijacrkB_uz5NoPz6rtqAw&udm=50
2026-02-28T11:53:36.690056,tab_focus,https://www.google.com/search?q=could+you+translate+terminal+instructions+to+command+prompt+instructions&gs_lcrp=EgZjaHJvbWUyBggAEEUYOdIBCTE0MTg2ajBqN6gCALACAA&sourceid=chrome&ie=UTF-8&fbs=ADc_l-aN0CWEZBOHjofHoaMMDiKpmAsnXCN5UBx17opt8eaTXyCfNeKGeJOJfUwi1MTUzwST1daiRLNBoQ0B6uczm6CPpE9MgkRBvAPuob4mewNkDkyJPOM4cUXCgTF3s6r8ePzSE49wWrN49hZO6o_W8OU5vZLEjpGBg_Hqzsox3WGwOApedjqloS2Uk0tumYhxMQS6X5e7CmdvlbFfLbas18Oj8ZlWFg&ved=2ahUKEwiqzITFzfySAxUVOFkFHZVDJ0kQ0NsOegQIAxAB&aep=10&ntc=1&mstk=AUtExfCEaodGKQSJJJv2nvxkFFQTbLR9-KVsu2wzlp-xuOz4YrAKFXmmssWhdc_ywyznX8JiDwFFUq0iWBKFIdkK4GAz7r8AsdZcrhnoxQeKOHD2n64ZXk9q5VSpCJfV54aDRl-Ae0wYM4RlMOY2LQ7Q6Fuq3AiuimHEcbScbIeykeSx8MHfFCIQuEUsr5QY9CUrEfaru6c4kwqqzjeMub4fzI2PnKQtJIwfAMXUlYGJphSUJcI7S8e0dukbBlznXFs_OrZKaNAt9-mr-DjRlWLRZXtigpb3kTZ9bYCJODNhvD8QlzYN-VWo3k_w1v4Ha5Tqlw6UbZkBIlg9YQ&csuir=1&mtid=oRijacrkB_uz5NoPz6rtqAw&udm=50
2026-02-28T11:53:41.246629,tab_focus,https://www.google.com/search?q=could+you+translate+terminal+instructions+to+command+prompt+instructions&gs_lcrp=EgZjaHJvbWUyBggAEEUYOdIBCTE0MTg2ajBqN6gCALACAA&sourceid=chrome&ie=UTF-8&fbs=ADc_l-aN0CWEZBOHjofHoaMMDiKpmAsnXCN5UBx17opt8eaTXyCfNeKGeJOJfUwi1MTUzwST1daiRLNBoQ0B6uczm6CPpE9MgkRBvAPuob4mewNkDkyJPOM4cUXCgTF3s6r8ePzSE49wWrN49hZO6o_W8OU5vZLEjpGBg_Hqzsox3WGwOApedjqloS2Uk0tumYhxMQS6X5e7CmdvlbFfLbas18Oj8ZlWFg&ved=2ahUKEwiqzITFzfySAxUVOFkFHZVDJ0kQ0NsOegQIAxAB&aep=10&ntc=1&mstk=AUtExfCGCUkzD1YuRNJ8ihFakEiS_p3eMPJJgUgS9ZueMp3oY3iYPSMjrY1gHwqGpcJOOAUuZyA-b7qcEorE-skx9OWcGslTfFhgqG5Gvc92VEVvmp8gr8lZzxDVWQ5e7Url2dmO326jLENS6uhmCof9qTpnyIwRkcRoni4ZTvUdHYXBw9aINpSloo3pajRR_UYWApGDijjxDsWOjvG_-x_u8Z_PrPdjDDh_7KhtGWBJSbfNUnF68xedFtXwwKWa0nhmTGTl_iSAFkgx0fxsj6eQwayS5o1kayELWWc-ZbkHISloMvOpYcn8NOTKgWGbehY1Msc8O2thvepkpA&csuir=1&mtid=oRijacrkB_uz5NoPz6rtqAw&udm=50
2026-02-28T11:54:39.670173,tab_focus,https://www.google.com/search?q=could+you+translate+terminal+instructions+to+command+prompt+instructions&gs_lcrp=EgZjaHJvbWUyBggAEEUYOdIBCTE0MTg2ajBqN6gCALACAA&sourceid=chrome&ie=UTF-8&fbs=ADc_l-aN0CWEZBOHjofHoaMMDiKpmAsnXCN5UBx17opt8eaTXyCfNeKGeJOJfUwi1MTUzwST1daiRLNBoQ0B6uczm6CPpE9MgkRBvAPuob4mewNkDkyJPOM4cUXCgTF3s6r8ePzSE49wWrN49hZO6o_W8OU5vZLEjpGBg_Hqzsox3WGwOApedjqloS2Uk0tumYhxMQS6X5e7CmdvlbFfLbas18Oj8ZlWFg&ved=2ahUKEwiqzITFzfySAxUVOFkFHZVDJ0kQ0NsOegQIAxAB&aep=10&ntc=1&mstk=AUtExfCGCUkzD1YuRNJ8ihFakEiS_p3eMPJJgUgS9ZueMp3oY3iYPSMjrY1gHwqGpcJOOAUuZyA-b7qcEorE-skx9OWcGslTfFhgqG5Gvc92VEVvmp8gr8lZzxDVWQ5e7Url2dmO326jLENS6uhmCof9qTpnyIwRkcRoni4ZTvUdHYXBw9aINpSloo3pajRR_UYWApGDijjxDsWOjvG_-x_u8Z_PrPdjDDh_7KhtGWBJSbfNUnF68xedFtXwwKWa0nhmTGTl_iSAFkgx0fxsj6eQwayS5o1kayELWWc-ZbkHISloMvOpYcn8NOTKgWGbehY1Msc8O2thvepkpA&csuir=1&mtid=oRijacrkB_uz5NoPz6rtqAw&udm=50
2026-02-28T11:54:43.245873,tab_focus,https://www.google.com/search?q=could+you+translate+terminal+instructions+to+command+prompt+instructions&gs_lcrp=EgZjaHJvbWUyBggAEEUYOdIBCTE0MTg2ajBqN6gCALACAA&sourceid=chrome&ie=UTF-8&fbs=ADc_l-aN0CWEZBOHjofHoaMMDiKpmAsnXCN5UBx17opt8eaTXyCfNeKGeJOJfUwi1MTUzwST1daiRLNBoQ0B6uczm6CPpE9MgkRBvAPuob4mewNkDkyJPOM4cUXCgTF3s6r8ePzSE49wWrN49hZO6o_W8OU5vZLEjpGBg_Hqzsox3WGwOApedjqloS2Uk0tumYhxMQS6X5e7CmdvlbFfLbas18Oj8ZlWFg&ved=2ahUKEwiqzITFzfySAxUVOFkFHZVDJ0kQ0NsOegQIAxAB&aep=10&ntc=1&mstk=AUtExfBnXBxkBlYeq63WL2ksZlPyYfH_7PYyTT69SuCODcFbYCBqq0DUrzvd0Jj6FrLPVkoaCi7vtHsf7XaLNqqcOE7xp9pPBANeHISQmOszAeJ6nz49W12O_raW7fmtsjUDa57vRHrvUhd3jWRvg15wNqeA9HlCEroNtA1lMZRcxBZKRY0tlUQZdEFAmRJIVG_-Lzi14GhNLaZOqYOAR3pgmC2a72_Of7NXIK_jSHgLKO503Trj978LHgfwminbA8HdwSRxFCbjPejKYDtY41iqtvDO64IhFbk5NMCz71025TwVs9i5OPSD2TrhK3rR17wjRXxn-jXnZFZKIQ&csuir=1&mtid=oRijacrkB_uz5NoPz6rtqAw&udm=50
2026-02-28T11:55:24.102545,tab_focus,https://www.google.com/search?q=could+you+translate+terminal+instructions+to+command+prompt+instructions&gs_lcrp=EgZjaHJvbWUyBggAEEUYOdIBCTE0MTg2ajBqN6gCALACAA&sourceid=chrome&ie=UTF-8&fbs=ADc_l-aN0CWEZBOHjofHoaMMDiKpmAsnXCN5UBx17opt8eaTXyCfNeKGeJOJfUwi1MTUzwST1daiRLNBoQ0B6uczm6CPpE9MgkRBvAPuob4mewNkDkyJPOM4cUXCgTF3s6r8ePzSE49wWrN49hZO6o_W8OU5vZLEjpGBg_Hqzsox3WGwOApedjqloS2Uk0tumYhxMQS6X5e7CmdvlbFfLbas18Oj8ZlWFg&ved=2ahUKEwiqzITFzfySAxUVOFkFHZVDJ0kQ0NsOegQIAxAB&aep=10&ntc=1&mstk=AUtExfBnXBxkBlYeq63WL2ksZlPyYfH_7PYyTT69SuCODcFbYCBqq0DUrzvd0Jj6FrLPVkoaCi7vtHsf7XaLNqqcOE7xp9pPBANeHISQmOszAeJ6nz49W12O_raW7fmtsjUDa57vRHrvUhd3jWRvg15wNqeA9HlCEroNtA1lMZRcxBZKRY0tlUQZdEFAmRJIVG_-Lzi14GhNLaZOqYOAR3pgmC2a72_Of7NXIK_jSHgLKO503Trj978LHgfwminbA8HdwSRxFCbjPejKYDtY41iqtvDO64IhFbk5NMCz71025TwVs9i5OPSD2TrhK3rR17wjRXxn-jXnZFZKIQ&csuir=1&mtid=oRijacrkB_uz5NoPz6rtqAw&udm=50
2026-02-28T11:55:28.323083,tab_focus,https://www.google.com/search?q=could+you+translate+terminal+instructions+to+command+prompt+instructions&gs_lcrp=EgZjaHJvbWUyBggAEEUYOdIBCTE0MTg2ajBqN6gCALACAA&sourceid=chrome&ie=UTF-8&fbs=ADc_l-aN0CWEZBOHjofHoaMMDiKpmAsnXCN5UBx17opt8eaTXyCfNeKGeJOJfUwi1MTUzwST1daiRLNBoQ0B6uczm6CPpE9MgkRBvAPuob4mewNkDkyJPOM4cUXCgTF3s6r8ePzSE49wWrN49hZO6o_W8OU5vZLEjpGBg_Hqzsox3WGwOApedjqloS2Uk0tumYhxMQS6X5e7CmdvlbFfLbas18Oj8ZlWFg&ved=2ahUKEwiqzITFzfySAxUVOFkFHZVDJ0kQ0NsOegQIAxAB&aep=10&ntc=1&mstk=AUtExfDsDMuHgLZNlwzZBNfiF9-hNod0O1ZHKkBd-uBu9B7N8r1OfsKJOMk9JvJNi4uHID7V-ww2n8qiT58Ue-TqI7jfcCGohQAy5jOnKamvjxxyhXlnwgcqlw1BBqjFjddNTHNEHlwQAPk7Cu1dgOj8c4g7q82ivm-Edm0jecMNxef-pKsQAf0IiuGbc8dP1O988W_OrpxPScuwQNNduqEq2NAhg2PTPvaqQZfhwftBbkyoASfyCWHGpiDdAzyRZtyG1ODtFfmE5GmNrhFC1KRhpNMVvDdYmo0pPRP_6wuT7qX-11RIj-LG-jwR96YIj5ZrRXa6FGAzsE1vPQ&csuir=1&mtid=oRijacrkB_uz5NoPz6rtqAw&udm=50
2026-02-28T11:59:21.913553,tab_focus,https://www.google.com/search?q=could+you+translate+terminal+instructions+to+command+prompt+instructions&gs_lcrp=EgZjaHJvbWUyBggAEEUYOdIBCTE0MTg2ajBqN6gCALACAA&sourceid=chrome&ie=UTF-8&fbs=ADc_l-aN0CWEZBOHjofHoaMMDiKpmAsnXCN5UBx17opt8eaTXyCfNeKGeJOJfUwi1MTUzwST1daiRLNBoQ0B6uczm6CPpE9MgkRBvAPuob4mewNkDkyJPOM4cUXCgTF3s6r8ePzSE49wWrN49hZO6o_W8OU5vZLEjpGBg_Hqzsox3WGwOApedjqloS2Uk0tumYhxMQS6X5e7CmdvlbFfLbas18Oj8ZlWFg&ved=2ahUKEwiqzITFzfySAxUVOFkFHZVDJ0kQ0NsOegQIAxAB&aep=10&ntc=1&mstk=AUtExfDsDMuHgLZNlwzZBNfiF9-hNod0O1ZHKkBd-uBu9B7N8r1OfsKJOMk9JvJNi4uHID7V-ww2n8qiT58Ue-TqI7jfcCGohQAy5jOnKamvjxxyhXlnwgcqlw1BBqjFjddNTHNEHlwQAPk7Cu1dgOj8c4g7q82ivm-Edm0jecMNxef-pKsQAf0IiuGbc8dP1O988W_OrpxPScuwQNNduqEq2NAhg2PTPvaqQZfhwftBbkyoASfyCWHGpiDdAzyRZtyG1ODtFfmE5GmNrhFC1KRhpNMVvDdYmo0pPRP_6wuT7qX-11RIj-LG-jwR96YIj5ZrRXa6FGAzsE1vPQ&csuir=1&mtid=oRijacrkB_uz5NoPz6rtqAw&udm=50
2026-02-28T11:59:26.184302,tab_focus,https://www.google.com/search?q=could+you+translate+terminal+instructions+to+command+prompt+instructions&gs_lcrp=EgZjaHJvbWUyBggAEEUYOdIBCTE0MTg2ajBqN6gCALACAA&sourceid=chrome&ie=UTF-8&fbs=ADc_l-aN0CWEZBOHjofHoaMMDiKpmAsnXCN5UBx17opt8eaTXyCfNeKGeJOJfUwi1MTUzwST1daiRLNBoQ0B6uczm6CPpE9MgkRBvAPuob4mewNkDkyJPOM4cUXCgTF3s6r8ePzSE49wWrN49hZO6o_W8OU5vZLEjpGBg_Hqzsox3WGwOApedjqloS2Uk0tumYhxMQS6X5e7CmdvlbFfLbas18Oj8ZlWFg&ved=2ahUKEwiqzITFzfySAxUVOFkFHZVDJ0kQ0NsOegQIAxAB&aep=10&ntc=1&mstk=AUtExfDMpeL30waX8tXjXWAkalzw4lvxjGdTyvSxfp_mjjOttr3kWJqgto2Zrdjm42FY18a361nj12F5ajeVfdjTgxEDxKKenLUsRyRM62zey5bx62z5RCNjRKnr6WpMpizKWsFcjUontnTgB2T9MCe1riH1iVJOE1CsIbcxnlEcJboj-6ehpUMS3DBzQRumMpUaxb85L51-pHk5Sj7W_udlbdi7RebvhFaFBB95iYqJu3o-UpZD5zZDR5PHswnQ6Gvi9WtNKWk9q-Kc-C39S3ZxCT3H8E0gMn3wHK3Ewcu0qLojk1YAtejlNr39VH5lp_UDPQxw4LYeiZNhEw&csuir=1&mtid=oRijacrkB_uz5NoPz6rtqAw&udm=50
2026-02-28T11:59:37.095322,tab_focus,https://www.google.com/search?q=could+you+translate+terminal+instructions+to+command+prompt+instructions&gs_lcrp=EgZjaHJvbWUyBggAEEUYOdIBCTE0MTg2ajBqN6gCALACAA&sourceid=chrome&ie=UTF-8&fbs=ADc_l-aN0CWEZBOHjofHoaMMDiKpmAsnXCN5UBx17opt8eaTXyCfNeKGeJOJfUwi1MTUzwST1daiRLNBoQ0B6uczm6CPpE9MgkRBvAPuob4mewNkDkyJPOM4cUXCgTF3s6r8ePzSE49wWrN49hZO6o_W8OU5vZLEjpGBg_Hqzsox3WGwOApedjqloS2Uk0tumYhxMQS6X5e7CmdvlbFfLbas18Oj8ZlWFg&ved=2ahUKEwiqzITFzfySAxUVOFkFHZVDJ0kQ0NsOegQIAxAB&aep=10&ntc=1&mstk=AUtExfDMpeL30waX8tXjXWAkalzw4lvxjGdTyvSxfp_mjjOttr3kWJqgto2Zrdjm42FY18a361nj12F5ajeVfdjTgxEDxKKenLUsRyRM62zey5bx62z5RCNjRKnr6WpMpizKWsFcjUontnTgB2T9MCe1riH1iVJOE1CsIbcxnlEcJboj-6ehpUMS3DBzQRumMpUaxb85L51-pHk5Sj7W_udlbdi7RebvhFaFBB95iYqJu3o-UpZD5zZDR5PHswnQ6Gvi9WtNKWk9q-Kc-C39S3ZxCT3H8E0gMn3wHK3Ewcu0qLojk1YAtejlNr39VH5lp_UDPQxw4LYeiZNhEw&csuir=1&mtid=oRijacrkB_uz5NoPz6rtqAw&udm=50
2026-02-28T11:59:41.822015,tab_focus,https://www.google.com/search?q=could+you+translate+terminal+instructions+to+command+prompt+instructions&gs_lcrp=EgZjaHJvbWUyBggAEEUYOdIBCTE0MTg2ajBqN6gCALACAA&sourceid=chrome&ie=UTF-8&fbs=ADc_l-aN0CWEZBOHjofHoaMMDiKpmAsnXCN5UBx17opt8eaTXyCfNeKGeJOJfUwi1MTUzwST1daiRLNBoQ0B6uczm6CPpE9MgkRBvAPuob4mewNkDkyJPOM4cUXCgTF3s6r8ePzSE49wWrN49hZO6o_W8OU5vZLEjpGBg_Hqzsox3WGwOApedjqloS2Uk0tumYhxMQS6X5e7CmdvlbFfLbas18Oj8ZlWFg&ved=2ahUKEwiqzITFzfySAxUVOFkFHZVDJ0kQ0NsOegQIAxAB&aep=10&ntc=1&mstk=AUtExfBoJhcX92taVWAHLYJ9vQlO_Pxsgt43DdEAjDFq_DHAnhuEbYErFHSewRIaPa3H0HPPVw5rPj9X2WuS3uV6cLiE8f7n8_d70uHYPMx_37IXxxG_Y-MOi-ozs3Y10gOO22gkK0GmzELU5lr8up8pPrP_9hTmiDVZ2te-smP9UiRZ3W4a3YRLjxcszmZv7Y38smM34jsZeq3cVnL386emSC5YqjqDUk8xEQyQnvXjxk8rmZolkzuHLAis8D6GDVIgAy6HvPjIdMPuU6MHt1xgz-TC3kIzWoLLoZx74fyw3VWnxNXeZExCV4qRy9LsrctVp31XqNjbAsjQtA&csuir=1&mtid=oRijacrkB_uz5NoPz6rtqAw&udm=50
2026-02-28T12:00:45.130152,tab_focus,https://www.google.com/search?q=could+you+translate+terminal+instructions+to+command+prompt+instructions&gs_lcrp=EgZjaHJvbWUyBggAEEUYOdIBCTE0MTg2ajBqN6gCALACAA&sourceid=chrome&ie=UTF-8&fbs=ADc_l-aN0CWEZBOHjofHoaMMDiKpmAsnXCN5UBx17opt8eaTXyCfNeKGeJOJfUwi1MTUzwST1daiRLNBoQ0B6uczm6CPpE9MgkRBvAPuob4mewNkDkyJPOM4cUXCgTF3s6r8ePzSE49wWrN49hZO6o_W8OU5vZLEjpGBg_Hqzsox3WGwOApedjqloS2Uk0tumYhxMQS6X5e7CmdvlbFfLbas18Oj8ZlWFg&ved=2ahUKEwiqzITFzfySAxUVOFkFHZVDJ0kQ0NsOegQIAxAB&aep=10&ntc=1&mstk=AUtExfBoJhcX92taVWAHLYJ9vQlO_Pxsgt43DdEAjDFq_DHAnhuEbYErFHSewRIaPa3H0HPPVw5rPj9X2WuS3uV6cLiE8f7n8_d70uHYPMx_37IXxxG_Y-MOi-ozs3Y10gOO22gkK0GmzELU5lr8up8pPrP_9hTmiDVZ2te-smP9UiRZ3W4a3YRLjxcszmZv7Y38smM34jsZeq3cVnL386emSC5YqjqDUk8xEQyQnvXjxk8rmZolkzuHLAis8D6GDVIgAy6HvPjIdMPuU6MHt1xgz-TC3kIzWoLLoZx74fyw3VWnxNXeZExCV4qRy9LsrctVp31XqNjbAsjQtA&csuir=1&mtid=oRijacrkB_uz5NoPz6rtqAw&udm=50
2026-02-28T12:00:49.126785,tab_focus,https://www.google.com/search?q=could+you+translate+terminal+instructions+to+command+prompt+instructions&gs_lcrp=EgZjaHJvbWUyBggAEEUYOdIBCTE0MTg2ajBqN6gCALACAA&sourceid=chrome&ie=UTF-8&fbs=ADc_l-aN0CWEZBOHjofHoaMMDiKpmAsnXCN5UBx17opt8eaTXyCfNeKGeJOJfUwi1MTUzwST1daiRLNBoQ0B6uczm6CPpE9MgkRBvAPuob4mewNkDkyJPOM4cUXCgTF3s6r8ePzSE49wWrN49hZO6o_W8OU5vZLEjpGBg_Hqzsox3WGwOApedjqloS2Uk0tumYhxMQS6X5e7CmdvlbFfLbas18Oj8ZlWFg&ved=2ahUKEwiqzITFzfySAxUVOFkFHZVDJ0kQ0NsOegQIAxAB&aep=10&ntc=1&mstk=AUtExfB64s-JtrDJJSifNX2NMc7wntQFXiHJ3d-t_1f0lSG_jFg_pS0tw9PfayjY7g5JTdu_T9e_6-WTsFERVuJkcs_b7lFaaSgf5mtoIcGWUQThj3x53rTWcv5q1GlaK6-BcDxB_85GV7mw582mfwD8-lvZxfzNuq9-ZTByd2FGk6hPlc4s51w9BiAY3RK3HHjPyNjhnBS7oSUSoK1S4IBGyuCw1Eu6pT2busgw6QPSv4tPi_CPMsGO9jH157Fiv87YFXrVL9_2iDtaMTSJoiNZJU2LtXZPN8jO3MT5DRudJ07OM9zQerY9HQHgB9zPANx-xHu5pMtkEyRYFg&csuir=1&mtid=oRijacrkB_uz5NoPz6rtqAw&udm=50
2026-02-28T12:00:53.219105,tab_focus,chrome://newtab/
2026-02-28T12:00:56.449650,tab_focus,https://www.google.com/search?q=Python+3.10.11+Download+Page&oq=Python+3.10.11+Download+Page&gs_lcrp=EgZjaHJvbWUyBggAEEUYOTIHCAEQABjvBTIHCAIQABjvBTIHCAMQABjvBTIHCAQQABjvBdIBBzY1OGowajeoAgCwAgA&sourceid=chrome&ie=UTF-8
2026-02-28T12:02:41.364715,tab_focus,https://www.python.org/downloads/release/python-31011/
2026-02-28T12:04:16.535995,tab_focus,https://www.google.com/search?q=could+you+translate+terminal+instructions+to+command+prompt+instructions&gs_lcrp=EgZjaHJvbWUyBggAEEUYOdIBCTE0MTg2ajBqN6gCALACAA&sourceid=chrome&ie=UTF-8&fbs=ADc_l-aN0CWEZBOHjofHoaMMDiKpmAsnXCN5UBx17opt8eaTXyCfNeKGeJOJfUwi1MTUzwST1daiRLNBoQ0B6uczm6CPpE9MgkRBvAPuob4mewNkDkyJPOM4cUXCgTF3s6r8ePzSE49wWrN49hZO6o_W8OU5vZLEjpGBg_Hqzsox3WGwOApedjqloS2Uk0tumYhxMQS6X5e7CmdvlbFfLbas18Oj8ZlWFg&ved=2ahUKEwiqzITFzfySAxUVOFkFHZVDJ0kQ0NsOegQIAxAB&aep=10&ntc=1&mstk=AUtExfB64s-JtrDJJSifNX2NMc7wntQFXiHJ3d-t_1f0lSG_jFg_pS0tw9PfayjY7g5JTdu_T9e_6-WTsFERVuJkcs_b7lFaaSgf5mtoIcGWUQThj3x53rTWcv5q1GlaK6-BcDxB_85GV7mw582mfwD8-lvZxfzNuq9-ZTByd2FGk6hPlc4s51w9BiAY3RK3HHjPyNjhnBS7oSUSoK1S4IBGyuCw1Eu6pT2busgw6QPSv4tPi_CPMsGO9jH157Fiv87YFXrVL9_2iDtaMTSJoiNZJU2LtXZPN8jO3MT5DRudJ07OM9zQerY9HQHgB9zPANx-xHu5pMtkEyRYFg&csuir=1&mtid=oRijacrkB_uz5NoPz6rtqAw&udm=50
2026-02-28T12:04:20.642029,tab_focus,https://www.google.com/search?q=could+you+translate+terminal+instructions+to+command+prompt+instructions&gs_lcrp=EgZjaHJvbWUyBggAEEUYOdIBCTE0MTg2ajBqN6gCALACAA&sourceid=chrome&ie=UTF-8&fbs=ADc_l-aN0CWEZBOHjofHoaMMDiKpmAsnXCN5UBx17opt8eaTXyCfNeKGeJOJfUwi1MTUzwST1daiRLNBoQ0B6uczm6CPpE9MgkRBvAPuob4mewNkDkyJPOM4cUXCgTF3s6r8ePzSE49wWrN49hZO6o_W8OU5vZLEjpGBg_Hqzsox3WGwOApedjqloS2Uk0tumYhxMQS6X5e7CmdvlbFfLbas18Oj8ZlWFg&ved=2ahUKEwiqzITFzfySAxUVOFkFHZVDJ0kQ0NsOegQIAxAB&aep=10&ntc=1&mstk=AUtExfCdqlZ5cIMcsVK8EstXtIs_gu2th0cWNLynPznXvkfNYQt64yDF9oLWjXvSa4BY9A8s8Rm4hj5URe7VgfvMO8Tb0SdMDfEh59tDwWIak8tU-W7YwaeJ2VbPw1ntp0eUprViOVe3lW5aKf-Ern6TTWTjWFv0Y2xux5GdBymGlUrpD1lW28JVvG1GUx258W--BF23Vt1Bjf2UCZlVMbGIn1GdkTZ9SeFgMmpcpZbcXXcZCrt426R5utH7mOCNnhUBR-yvFyJuv5x9y4_ocTTxBwmYxzCsrzO4Lr8CAZbccDTS7qGDlQonA9bl8zNPKBDeRg9gr8Zxd-Bg-Q&csuir=1&mtid=oRijacrkB_uz5NoPz6rtqAw&udm=50
2026-02-28T12:05:46.153895,tab_focus,https://www.google.com/search?q=could+you+translate+terminal+instructions+to+command+prompt+instructions&gs_lcrp=EgZjaHJvbWUyBggAEEUYOdIBCTE0MTg2ajBqN6gCALACAA&sourceid=chrome&ie=UTF-8&fbs=ADc_l-aN0CWEZBOHjofHoaMMDiKpmAsnXCN5UBx17opt8eaTXyCfNeKGeJOJfUwi1MTUzwST1daiRLNBoQ0B6uczm6CPpE9MgkRBvAPuob4mewNkDkyJPOM4cUXCgTF3s6r8ePzSE49wWrN49hZO6o_W8OU5vZLEjpGBg_Hqzsox3WGwOApedjqloS2Uk0tumYhxMQS6X5e7CmdvlbFfLbas18Oj8ZlWFg&ved=2ahUKEwiqzITFzfySAxUVOFkFHZVDJ0kQ0NsOegQIAxAB&aep=10&ntc=1&mstk=AUtExfCdqlZ5cIMcsVK8EstXtIs_gu2th0cWNLynPznXvkfNYQt64yDF9oLWjXvSa4BY9A8s8Rm4hj5URe7VgfvMO8Tb0SdMDfEh59tDwWIak8tU-W7YwaeJ2VbPw1ntp0eUprViOVe3lW5aKf-Ern6TTWTjWFv0Y2xux5GdBymGlUrpD1lW28JVvG1GUx258W--BF23Vt1Bjf2UCZlVMbGIn1GdkTZ9SeFgMmpcpZbcXXcZCrt426R5utH7mOCNnhUBR-yvFyJuv5x9y4_ocTTxBwmYxzCsrzO4Lr8CAZbccDTS7qGDlQonA9bl8zNPKBDeRg9gr8Zxd-Bg-Q&csuir=1&mtid=oRijacrkB_uz5NoPz6rtqAw&udm=50
2026-02-28T12:05:50.311171,tab_focus,https://www.google.com/search?q=could+you+translate+terminal+instructions+to+command+prompt+instructions&gs_lcrp=EgZjaHJvbWUyBggAEEUYOdIBCTE0MTg2ajBqN6gCALACAA&sourceid=chrome&ie=UTF-8&fbs=ADc_l-aN0CWEZBOHjofHoaMMDiKpmAsnXCN5UBx17opt8eaTXyCfNeKGeJOJfUwi1MTUzwST1daiRLNBoQ0B6uczm6CPpE9MgkRBvAPuob4mewNkDkyJPOM4cUXCgTF3s6r8ePzSE49wWrN49hZO6o_W8OU5vZLEjpGBg_Hqzsox3WGwOApedjqloS2Uk0tumYhxMQS6X5e7CmdvlbFfLbas18Oj8ZlWFg&ved=2ahUKEwiqzITFzfySAxUVOFkFHZVDJ0kQ0NsOegQIAxAB&aep=10&ntc=1&mstk=AUtExfCZ0wxcCSclbN8Tx0e3MimUSfh9maLHqzcIvzoS0Q-cDtRL_RRZ_YphXe2VgkB_o4H3axtyeIZawyaVbKiOAH1_X-QS_qp1m7opKk7yem7vQoP0eoqIe7MSuQ5nh322m0QUV82eLPgkvN60_gYqeBCXqE5relfR6NAuqLwA9j2wN4DokASXt15E1DrlwDvDMF37V6iuwJxI0MIHKBoRr5I5_a40X_LjJ7DzMiqllwt1FFrvidGDUJrqLy3X-ev_0Xmhfq8vn09H0Aw733mSokPFl876eSQFEVBDBqSGK58ihQ4zNdWVPa3ar_92SU9EYh7i_H7HflUA2Q&csuir=1&mtid=oRijacrkB_uz5NoPz6rtqAw&udm=50
2026-02-28T12:06:54.334448,tab_focus,https://www.google.com/search?q=could+you+translate+terminal+instructions+to+command+prompt+instructions&gs_lcrp=EgZjaHJvbWUyBggAEEUYOdIBCTE0MTg2ajBqN6gCALACAA&sourceid=chrome&ie=UTF-8&fbs=ADc_l-aN0CWEZBOHjofHoaMMDiKpmAsnXCN5UBx17opt8eaTXyCfNeKGeJOJfUwi1MTUzwST1daiRLNBoQ0B6uczm6CPpE9MgkRBvAPuob4mewNkDkyJPOM4cUXCgTF3s6r8ePzSE49wWrN49hZO6o_W8OU5vZLEjpGBg_Hqzsox3WGwOApedjqloS2Uk0tumYhxMQS6X5e7CmdvlbFfLbas18Oj8ZlWFg&ved=2ahUKEwiqzITFzfySAxUVOFkFHZVDJ0kQ0NsOegQIAxAB&aep=10&ntc=1&mstk=AUtExfCZ0wxcCSclbN8Tx0e3MimUSfh9maLHqzcIvzoS0Q-cDtRL_RRZ_YphXe2VgkB_o4H3axtyeIZawyaVbKiOAH1_X-QS_qp1m7opKk7yem7vQoP0eoqIe7MSuQ5nh322m0QUV82eLPgkvN60_gYqeBCXqE5relfR6NAuqLwA9j2wN4DokASXt15E1DrlwDvDMF37V6iuwJxI0MIHKBoRr5I5_a40X_LjJ7DzMiqllwt1FFrvidGDUJrqLy3X-ev_0Xmhfq8vn09H0Aw733mSokPFl876eSQFEVBDBqSGK58ihQ4zNdWVPa3ar_92SU9EYh7i_H7HflUA2Q&csuir=1&mtid=oRijacrkB_uz5NoPz6rtqAw&udm=50
2026-02-28T12:06:58.716014,tab_focus,https://www.google.com/search?q=could+you+translate+terminal+instructions+to+command+prompt+instructions&gs_lcrp=EgZjaHJvbWUyBggAEEUYOdIBCTE0MTg2ajBqN6gCALACAA&sourceid=chrome&ie=UTF-8&fbs=ADc_l-aN0CWEZBOHjofHoaMMDiKpmAsnXCN5UBx17opt8eaTXyCfNeKGeJOJfUwi1MTUzwST1daiRLNBoQ0B6uczm6CPpE9MgkRBvAPuob4mewNkDkyJPOM4cUXCgTF3s6r8ePzSE49wWrN49hZO6o_W8OU5vZLEjpGBg_Hqzsox3WGwOApedjqloS2Uk0tumYhxMQS6X5e7CmdvlbFfLbas18Oj8ZlWFg&ved=2ahUKEwiqzITFzfySAxUVOFkFHZVDJ0kQ0NsOegQIAxAB&aep=10&ntc=1&mstk=AUtExfAXoCGwdVy1vL1lc_Twi1-w4KMEyqdooevG5iJVSAqCQzD2yznh6PcttkXIuj1k1UzKq3Plh0MXXkv5UMKp7lMqt2o7b0twK_oYXo-OfUQmbMm7oyGenWEjxjiZb-RZOFLFPIpELhEh9fnWSF5qwhK7bSlrOkF38S2czsuVft2SfoNvp6Pwx2i_-cpsa2dxJaM-xkn9JIiFhuqNuFeUEMUoMYopvWBJoqlLUeEYa-Vl_gRvICGscdu2nyESfR5r7bAwZU4SusZ6SzcYhWt7Pde-uXeUqXWN-gR07NJT6IPW5xBMTQA-tSMk8pEN5zirX8jxWKUpZU-pww&csuir=1&mtid=oRijacrkB_uz5NoPz6rtqAw&udm=50
2026-02-28T12:08:31.869133,tab_focus,https://www.google.com/search?q=could+you+translate+terminal+instructions+to+command+prompt+instructions&gs_lcrp=EgZjaHJvbWUyBggAEEUYOdIBCTE0MTg2ajBqN6gCALACAA&sourceid=chrome&ie=UTF-8&fbs=ADc_l-aN0CWEZBOHjofHoaMMDiKpmAsnXCN5UBx17opt8eaTXyCfNeKGeJOJfUwi1MTUzwST1daiRLNBoQ0B6uczm6CPpE9MgkRBvAPuob4mewNkDkyJPOM4cUXCgTF3s6r8ePzSE49wWrN49hZO6o_W8OU5vZLEjpGBg_Hqzsox3WGwOApedjqloS2Uk0tumYhxMQS6X5e7CmdvlbFfLbas18Oj8ZlWFg&ved=2ahUKEwiqzITFzfySAxUVOFkFHZVDJ0kQ0NsOegQIAxAB&aep=10&ntc=1&mstk=AUtExfAXoCGwdVy1vL1lc_Twi1-w4KMEyqdooevG5iJVSAqCQzD2yznh6PcttkXIuj1k1UzKq3Plh0MXXkv5UMKp7lMqt2o7b0twK_oYXo-OfUQmbMm7oyGenWEjxjiZb-RZOFLFPIpELhEh9fnWSF5qwhK7bSlrOkF38S2czsuVft2SfoNvp6Pwx2i_-cpsa2dxJaM-xkn9JIiFhuqNuFeUEMUoMYopvWBJoqlLUeEYa-Vl_gRvICGscdu2nyESfR5r7bAwZU4SusZ6SzcYhWt7Pde-uXeUqXWN-gR07NJT6IPW5xBMTQA-tSMk8pEN5zirX8jxWKUpZU-pww&csuir=1&mtid=oRijacrkB_uz5NoPz6rtqAw&udm=50
2026-02-28T12:08:35.658153,tab_focus,https://www.google.com/search?q=could+you+translate+terminal+instructions+to+command+prompt+instructions&gs_lcrp=EgZjaHJvbWUyBggAEEUYOdIBCTE0MTg2ajBqN6gCALACAA&sourceid=chrome&ie=UTF-8&fbs=ADc_l-aN0CWEZBOHjofHoaMMDiKpmAsnXCN5UBx17opt8eaTXyCfNeKGeJOJfUwi1MTUzwST1daiRLNBoQ0B6uczm6CPpE9MgkRBvAPuob4mewNkDkyJPOM4cUXCgTF3s6r8ePzSE49wWrN49hZO6o_W8OU5vZLEjpGBg_Hqzsox3WGwOApedjqloS2Uk0tumYhxMQS6X5e7CmdvlbFfLbas18Oj8ZlWFg&ved=2ahUKEwiqzITFzfySAxUVOFkFHZVDJ0kQ0NsOegQIAxAB&aep=10&ntc=1&mstk=AUtExfAP74VeEm36dYAV5ph_JYWHjyEvLOfl9zk5DIk2wfzd_YYHILLC_5GtbL5XBaA9tn9V1-ezEjMC9knCCGD85OnOtCZYyBILxHV5TYVO0Bsf_cWCzUFV3l4ljO_kYfdRzelksQyU-QxTvLB_6FVNAycV2B_MAiB-UkbwICcY_hfYOMTzyOz7rBdRQ-pYmO9DFfQSOhfDDgXp-x3FlNBHqMSy_Nse-iqdgINFmnq2O_INU6PGAE4K0-Jcy5zclXhgM8NhwkHerz0qlthXpLHGVMzoer2Q8EY-9HotxK0nKelkpK7r-wykWBvP0q2hI5DvxNRdo-E78fbvYA&csuir=1&mtid=oRijacrkB_uz5NoPz6rtqAw&udm=50
2026-02-28T12:09:05.308869,tab_focus,https://www.google.com/search?q=could+you+translate+terminal+instructions+to+command+prompt+instructions&gs_lcrp=EgZjaHJvbWUyBggAEEUYOdIBCTE0MTg2ajBqN6gCALACAA&sourceid=chrome&ie=UTF-8&fbs=ADc_l-aN0CWEZBOHjofHoaMMDiKpmAsnXCN5UBx17opt8eaTXyCfNeKGeJOJfUwi1MTUzwST1daiRLNBoQ0B6uczm6CPpE9MgkRBvAPuob4mewNkDkyJPOM4cUXCgTF3s6r8ePzSE49wWrN49hZO6o_W8OU5vZLEjpGBg_Hqzsox3WGwOApedjqloS2Uk0tumYhxMQS6X5e7CmdvlbFfLbas18Oj8ZlWFg&ved=2ahUKEwiqzITFzfySAxUVOFkFHZVDJ0kQ0NsOegQIAxAB&aep=10&ntc=1&mstk=AUtExfAP74VeEm36dYAV5ph_JYWHjyEvLOfl9zk5DIk2wfzd_YYHILLC_5GtbL5XBaA9tn9V1-ezEjMC9knCCGD85OnOtCZYyBILxHV5TYVO0Bsf_cWCzUFV3l4ljO_kYfdRzelksQyU-QxTvLB_6FVNAycV2B_MAiB-UkbwICcY_hfYOMTzyOz7rBdRQ-pYmO9DFfQSOhfDDgXp-x3FlNBHqMSy_Nse-iqdgINFmnq2O_INU6PGAE4K0-Jcy5zclXhgM8NhwkHerz0qlthXpLHGVMzoer2Q8EY-9HotxK0nKelkpK7r-wykWBvP0q2hI5DvxNRdo-E78fbvYA&csuir=1&mtid=oRijacrkB_uz5NoPz6rtqAw&udm=50
2026-02-28T12:09:10.100789,tab_focus,https://www.google.com/search?q=could+you+translate+terminal+instructions+to+command+prompt+instructions&gs_lcrp=EgZjaHJvbWUyBggAEEUYOdIBCTE0MTg2ajBqN6gCALACAA&sourceid=chrome&ie=UTF-8&fbs=ADc_l-aN0CWEZBOHjofHoaMMDiKpmAsnXCN5UBx17opt8eaTXyCfNeKGeJOJfUwi1MTUzwST1daiRLNBoQ0B6uczm6CPpE9MgkRBvAPuob4mewNkDkyJPOM4cUXCgTF3s6r8ePzSE49wWrN49hZO6o_W8OU5vZLEjpGBg_Hqzsox3WGwOApedjqloS2Uk0tumYhxMQS6X5e7CmdvlbFfLbas18Oj8ZlWFg&ved=2ahUKEwiqzITFzfySAxUVOFkFHZVDJ0kQ0NsOegQIAxAB&aep=10&ntc=1&mstk=AUtExfD5XdzRDgsQTwdq8CNLtK3M-VfUOU2U2lbm3kHhsICb0gBpGtDGNxKBBr-IwKgLVGQ_xJshyadfFg7cEbDgImpfZPlZ9-VpowuExPxp1QRw4ArrY94xKHmSnR4_LoWmj96Xp9anAASvM5qZnatqk3vg1FzewtjcChznM3pzNzu6Gg9mY6K3Uju1JPnelrPmPuETyJXnIzCN1Oj0MqLtmf4GjFcYZgOnz3vALwHI-zJAn1pdpoZ-XBZp_EVqSf2hFpS1izJVdwafPSZR3o2y2hpB_1HafMZ73rQr2-A8kfBMd5-hngsr-Q7WyDGJ52sl4OHIiPwxKL3jMw&csuir=1&mtid=oRijacrkB_uz5NoPz6rtqAw&udm=50
2026-02-28T12:10:11.393904,tab_focus,https://www.google.com/search?q=could+you+translate+terminal+instructions+to+command+prompt+instructions&gs_lcrp=EgZjaHJvbWUyBggAEEUYOdIBCTE0MTg2ajBqN6gCALACAA&sourceid=chrome&ie=UTF-8&fbs=ADc_l-aN0CWEZBOHjofHoaMMDiKpmAsnXCN5UBx17opt8eaTXyCfNeKGeJOJfUwi1MTUzwST1daiRLNBoQ0B6uczm6CPpE9MgkRBvAPuob4mewNkDkyJPOM4cUXCgTF3s6r8ePzSE49wWrN49hZO6o_W8OU5vZLEjpGBg_Hqzsox3WGwOApedjqloS2Uk0tumYhxMQS6X5e7CmdvlbFfLbas18Oj8ZlWFg&ved=2ahUKEwiqzITFzfySAxUVOFkFHZVDJ0kQ0NsOegQIAxAB&aep=10&ntc=1&mstk=AUtExfD5XdzRDgsQTwdq8CNLtK3M-VfUOU2U2lbm3kHhsICb0gBpGtDGNxKBBr-IwKgLVGQ_xJshyadfFg7cEbDgImpfZPlZ9-VpowuExPxp1QRw4ArrY94xKHmSnR4_LoWmj96Xp9anAASvM5qZnatqk3vg1FzewtjcChznM3pzNzu6Gg9mY6K3Uju1JPnelrPmPuETyJXnIzCN1Oj0MqLtmf4GjFcYZgOnz3vALwHI-zJAn1pdpoZ-XBZp_EVqSf2hFpS1izJVdwafPSZR3o2y2hpB_1HafMZ73rQr2-A8kfBMd5-hngsr-Q7WyDGJ52sl4OHIiPwxKL3jMw&csuir=1&mtid=oRijacrkB_uz5NoPz6rtqAw&udm=50
2026-02-28T12:10:15.559817,tab_focus,https://www.google.com/search?q=could+you+translate+terminal+instructions+to+command+prompt+instructions&gs_lcrp=EgZjaHJvbWUyBggAEEUYOdIBCTE0MTg2ajBqN6gCALACAA&sourceid=chrome&ie=UTF-8&fbs=ADc_l-aN0CWEZBOHjofHoaMMDiKpmAsnXCN5UBx17opt8eaTXyCfNeKGeJOJfUwi1MTUzwST1daiRLNBoQ0B6uczm6CPpE9MgkRBvAPuob4mewNkDkyJPOM4cUXCgTF3s6r8ePzSE49wWrN49hZO6o_W8OU5vZLEjpGBg_Hqzsox3WGwOApedjqloS2Uk0tumYhxMQS6X5e7CmdvlbFfLbas18Oj8ZlWFg&ved=2ahUKEwiqzITFzfySAxUVOFkFHZVDJ0kQ0NsOegQIAxAB&aep=10&ntc=1&mstk=AUtExfBuuGSoNZ5vfU1i-Y9SYS1oqhFaj_HDOlbPdd9lB4H6YllYvApiOcxyFLlFW4jt2UIXRDLgzOuMApm2W89A0mYm2wBxrE9vZgw5xtuWJ05biHxmZ64kz6Qz6XlBCGl9IzGYQ68YLye3m8pvh4flHI_A1BcaXJbLJjg4P2LnbUgcoetntF7k8dPVOy433K3DR4d6a-SumLY1ORw4aTNqDSIpWgVIo109EEXsZ55UuaUm8vsBLRdmiNNXxa-TDXVl9ydKBiW8qPdOQx_Fw_0BuVJOADzfACC_-WhOqVDnZH0WkYeUGzg7AO1EYy7fAyU17163VHUiSAvhoQ&csuir=1&mtid=oRijacrkB_uz5NoPz6rtqAw&udm=50
2026-02-28T12:18:50.637004,tab_focus,http://127.0.0.1:5000/
2026-02-28T12:19:55.380512,face_not_detected,
2026-02-28T12:19:55.430414,focused,
2026-02-28T12:20:10.818524,eyes_away,
2026-02-28T12:20:12.231547,focused,
2026-02-28T12:20:23.439214,tab_focus,https://www.google.com/search?q=could+you+translate+terminal+instructions+to+command+prompt+instructions&gs_lcrp=EgZjaHJvbWUyBggAEEUYOdIBCTE0MTg2ajBqN6gCALACAA&sourceid=chrome&ie=UTF-8&fbs=ADc_l-aN0CWEZBOHjofHoaMMDiKpmAsnXCN5UBx17opt8eaTXyCfNeKGeJOJfUwi1MTUzwST1daiRLNBoQ0B6uczm6CPpE9MgkRBvAPuob4mewNkDkyJPOM4cUXCgTF3s6r8ePzSE49wWrN49hZO6o_W8OU5vZLEjpGBg_Hqzsox3WGwOApedjqloS2Uk0tumYhxMQS6X5e7CmdvlbFfLbas18Oj8ZlWFg&ved=2ahUKEwiqzITFzfySAxUVOFkFHZVDJ0kQ0NsOegQIAxAB&aep=10&ntc=1&mstk=AUtExfDJWC3KJdo_6h8WJxz7_UkhodeVYvLXyfWE6LufNy4UNs4vOGht5jwInmy9kyIlHRgoNyzxa5fmm9DpjyaBdL92hNsu6lco4fmum2f8A3AJLRSYpqjEz6ZgaG_9lhEtDvtglFutyBZKvPmhqSqz8yNAXMB-Wpc-_xzgrnevTHVrQAuQx6Oghj63OB2FW1e5qbmDhxqbLoFP6eLXc1yuNQkbrt3solha_1ZoUEns7RJKfDHQIg8YnzY5QqygSmturhhDdv4I964-klursunGgNgbLzrgd3jSjDXtVYyhnOFx5QOi2hWAot_RJfqCC1Kt1W2t0q07rVgG3w&csuir=1&mtid=oRijacrkB_uz5NoPz6rtqAw&udm=50
2026-02-28T12:20:26.306033,tab_focus,https://www.google.com/search?q=could+you+translate+terminal+instructions+to+command+prompt+instructions&gs_lcrp=EgZjaHJvbWUyBggAEEUYOdIBCTE0MTg2ajBqN6gCALACAA&sourceid=chrome&ie=UTF-8&fbs=ADc_l-aN0CWEZBOHjofHoaMMDiKpmAsnXCN5UBx17opt8eaTXyCfNeKGeJOJfUwi1MTUzwST1daiRLNBoQ0B6uczm6CPpE9MgkRBvAPuob4mewNkDkyJPOM4cUXCgTF3s6r8ePzSE49wWrN49hZO6o_W8OU5vZLEjpGBg_Hqzsox3WGwOApedjqloS2Uk0tumYhxMQS6X5e7CmdvlbFfLbas18Oj8ZlWFg&ved=2ahUKEwiqzITFzfySAxUVOFkFHZVDJ0kQ0NsOegQIAxAB&aep=10&ntc=1&mstk=AUtExfCdr_IHHsfQv5JsmyAnovDBP05FGRkblwQoBBzts6fzJ_qzjH8uQ0NHcYhLlPHnXIWSn9yPTrnJ9g22KgKOh9iUL_VGcpm3wO_hHvIs4JTSk-hdXjNpXrZKo8z6eK5S-36ulsQfThPU2opcw5IclA61rrbKEEsygWVJNoA7ied92X4q3ZczqUDaKTBSVveJtwdcG6atAZ6YWDkSXgMWy-qHoYe3HmmMG4K3zP97ZaBSLTOxi5NZBxjkutiG7ixDpqp032mbz8K4I6JSc-XfKQE_2TAM_k60aiSw8MLW7lW_HoixDH8Q9Id45VZvCsP7vbNGV8KX7nikZw&csuir=1&mtid=oRijacrkB_uz5NoPz6rtqAw&udm=50
2026-02-28T12:20:36.832120,tab_focus,https://www.google.com/search?q=could+you+translate+terminal+instructions+to+command+prompt+instructions&gs_lcrp=EgZjaHJvbWUyBggAEEUYOdIBCTE0MTg2ajBqN6gCALACAA&sourceid=chrome&ie=UTF-8&fbs=ADc_l-aN0CWEZBOHjofHoaMMDiKpmAsnXCN5UBx17opt8eaTXyCfNeKGeJOJfUwi1MTUzwST1daiRLNBoQ0B6uczm6CPpE9MgkRBvAPuob4mewNkDkyJPOM4cUXCgTF3s6r8ePzSE49wWrN49hZO6o_W8OU5vZLEjpGBg_Hqzsox3WGwOApedjqloS2Uk0tumYhxMQS6X5e7CmdvlbFfLbas18Oj8ZlWFg&ved=2ahUKEwiqzITFzfySAxUVOFkFHZVDJ0kQ0NsOegQIAxAB&aep=10&ntc=1&mstk=AUtExfCdr_IHHsfQv5JsmyAnovDBP05FGRkblwQoBBzts6fzJ_qzjH8uQ0NHcYhLlPHnXIWSn9yPTrnJ9g22KgKOh9iUL_VGcpm3wO_hHvIs4JTSk-hdXjNpXrZKo8z6eK5S-36ulsQfThPU2opcw5IclA61rrbKEEsygWVJNoA7ied92X4q3ZczqUDaKTBSVveJtwdcG6atAZ6YWDkSXgMWy-qHoYe3HmmMG4K3zP97ZaBSLTOxi5NZBxjkutiG7ixDpqp032mbz8K4I6JSc-XfKQE_2TAM_k60aiSw8MLW7lW_HoixDH8Q9Id45VZvCsP7vbNGV8KX7nikZw&csuir=1&mtid=oRijacrkB_uz5NoPz6rtqAw&udm=50
2026-02-28T12:20:39.775537,tab_focus,https://www.google.com/search?q=could+you+translate+terminal+instructions+to+command+prompt+instructions&gs_lcrp=EgZjaHJvbWUyBggAEEUYOdIBCTE0MTg2ajBqN6gCALACAA&sourceid=chrome&ie=UTF-8&fbs=ADc_l-aN0CWEZBOHjofHoaMMDiKpmAsnXCN5UBx17opt8eaTXyCfNeKGeJOJfUwi1MTUzwST1daiRLNBoQ0B6uczm6CPpE9MgkRBvAPuob4mewNkDkyJPOM4cUXCgTF3s6r8ePzSE49wWrN49hZO6o_W8OU5vZLEjpGBg_Hqzsox3WGwOApedjqloS2Uk0tumYhxMQS6X5e7CmdvlbFfLbas18Oj8ZlWFg&ved=2ahUKEwiqzITFzfySAxUVOFkFHZVDJ0kQ0NsOegQIAxAB&aep=10&ntc=1&mstk=AUtExfAdfydjNFuDInQ15zQyFsnV2i-WtiPZ0HZ6KcG9uhjA8SabwUfr6-ORAIiQx6-E7F8B3sgR6Yo4CCKaEROm8SUD62jxDQlIEqrrtXFZeAl9UmJDcr0EgVtYdGqdHE3O_uVjit7UFSKW_UsMc3QdmzqboBv_XTFycfY0wtB9kg31TgS4ZBsA0D2i87APMay7O4DeMM4wC-OywYf8EeW2vWWrMjwU8YNWoXlr5Cj_jRNgjOqxe-3gsVikAA4fmZiSmwKCxTFIT8y2Vjytn2CiGn-UK4vibF_bFKTtXd8ZBauFbbipjbHUJT9VxmKBMBb8sDiY2fFiaN_Z3Q&csuir=1&mtid=oRijacrkB_uz5NoPz6rtqAw&udm=50
2026-02-28T12:20:55.174580,tab_focus,https://www.google.com/search?q=could+you+translate+terminal+instructions+to+command+prompt+instructions&gs_lcrp=EgZjaHJvbWUyBggAEEUYOdIBCTE0MTg2ajBqN6gCALACAA&sourceid=chrome&ie=UTF-8&fbs=ADc_l-aN0CWEZBOHjofHoaMMDiKpmAsnXCN5UBx17opt8eaTXyCfNeKGeJOJfUwi1MTUzwST1daiRLNBoQ0B6uczm6CPpE9MgkRBvAPuob4mewNkDkyJPOM4cUXCgTF3s6r8ePzSE49wWrN49hZO6o_W8OU5vZLEjpGBg_Hqzsox3WGwOApedjqloS2Uk0tumYhxMQS6X5e7CmdvlbFfLbas18Oj8ZlWFg&ved=2ahUKEwiqzITFzfySAxUVOFkFHZVDJ0kQ0NsOegQIAxAB&aep=10&ntc=1&mstk=AUtExfAdfydjNFuDInQ15zQyFsnV2i-WtiPZ0HZ6KcG9uhjA8SabwUfr6-ORAIiQx6-E7F8B3sgR6Yo4CCKaEROm8SUD62jxDQlIEqrrtXFZeAl9UmJDcr0EgVtYdGqdHE3O_uVjit7UFSKW_UsMc3QdmzqboBv_XTFycfY0wtB9kg31TgS4ZBsA0D2i87APMay7O4DeMM4wC-OywYf8EeW2vWWrMjwU8YNWoXlr5Cj_jRNgjOqxe-3gsVikAA4fmZiSmwKCxTFIT8y2Vjytn2CiGn-UK4vibF_bFKTtXd8ZBauFbbipjbHUJT9VxmKBMBb8sDiY2fFiaN_Z3Q&csuir=1&mtid=oRijacrkB_uz5NoPz6rtqAw&udm=50
2026-02-28T12:20:59.288262,tab_focus,https://www.google.com/search?q=could+you+translate+terminal+instructions+to+command+prompt+instructions&gs_lcrp=EgZjaHJvbWUyBggAEEUYOdIBCTE0MTg2ajBqN6gCALACAA&sourceid=chrome&ie=UTF-8&fbs=ADc_l-aN0CWEZBOHjofHoaMMDiKpmAsnXCN5UBx17opt8eaTXyCfNeKGeJOJfUwi1MTUzwST1daiRLNBoQ0B6uczm6CPpE9MgkRBvAPuob4mewNkDkyJPOM4cUXCgTF3s6r8ePzSE49wWrN49hZO6o_W8OU5vZLEjpGBg_Hqzsox3WGwOApedjqloS2Uk0tumYhxMQS6X5e7CmdvlbFfLbas18Oj8ZlWFg&ved=2ahUKEwiqzITFzfySAxUVOFkFHZVDJ0kQ0NsOegQIAxAB&aep=10&ntc=1&mstk=AUtExfAEAdDlMQtgldSwnlHF7ll62SXNkTtvfl1_IcM8ZG5Nth3T-JzhVk12fwOGsn7IzRK85gUGqgN3cJmShIJpaoCX7fHIPUpLFMcN7LVqHqWUNYdYi33Ex0pWFv9JRdXi8_k_7nyWpg7sZAQVEtPBuZzWYD6CQbE3kUScFyLrs-KDZB2cvTY37A90VYs10vY9v4MqXgV7wUXEb2P3xJP70MiMJ6yrL_6fKgOjcaXo2nYCYvVCAPqHYXXe6tu3EAGvhTpTsKPzTNd6YRgbhOwUKiPeZplEifDFsoYZ-K4OTIBbK3oOJ4KN8di23k0o9P67duVsBpjOc97nZw&csuir=1&mtid=oRijacrkB_uz5NoPz6rtqAw&udm=50
